epoch,lr,trainloss,trainacc,testloss,testacc
1,0.000059,2.2735,15.73,2.1055,23.03
2,0.000109,2.2329,19.94,1.9347,30.67
3,0.000159,2.1609,24.31,1.7861,38.31
4,0.000208,2.1126,25.89,1.6822,42.49
5,0.000258,2.0808,30.10,1.6541,43.35
6,0.000307,2.0583,30.03,1.5937,45.75
7,0.000357,2.0378,30.79,1.5592,49.72
8,0.000406,2.0464,30.37,1.7316,41.67
9,0.000456,2.0331,31.87,1.5567,51.20
10,0.000505,2.0659,29.61,1.6964,40.35
11,0.000555,2.0737,28.34,1.7196,42.44
12,0.000604,2.1034,26.63,1.6409,49.01
13,0.000654,2.1084,26.93,1.8385,38.21
14,0.000703,2.1396,24.63,1.8696,37.09
15,0.000753,2.1493,24.73,1.8354,37.44
16,0.000802,2.1464,24.20,1.8862,34.23
17,0.000852,2.1355,24.69,1.8784,30.77
18,0.000901,2.1398,25.07,1.8392,36.78
19,0.000951,2.1307,25.55,1.7319,43.45
20,0.001000,2.1216,26.48,1.8487,38.97
21,0.001000,2.1260,25.26,1.7733,41.16
22,0.001000,2.1164,25.30,1.8777,35.91
23,0.001000,2.1275,24.27,1.7919,40.80
24,0.000999,2.1212,25.79,1.8130,40.19
25,0.000999,2.0994,26.84,1.7734,37.85
26,0.000999,2.1057,26.40,1.7628,42.33
27,0.000998,2.0885,27.77,1.7491,40.04
28,0.000998,2.0952,28.19,1.7719,40.96
29,0.000997,2.1091,26.72,1.7388,40.30
30,0.000997,2.1043,27.62,1.8308,39.12
31,0.000996,2.1024,27.84,1.7890,40.30
32,0.000995,2.1105,26.74,1.8163,35.71
33,0.000995,2.1150,26.57,1.7690,41.31
34,0.000994,2.0974,27.50,1.7651,41.21
35,0.000993,2.1482,24.84,1.8677,36.53
36,0.000992,2.1165,26.74,1.7905,40.04
37,0.000991,2.0960,27.31,1.7688,42.28
38,0.000990,2.1023,26.25,1.7821,40.96
39,0.000989,2.1057,27.14,1.8020,37.54
40,0.000987,2.0945,27.92,1.8235,38.41
41,0.000986,2.0984,27.77,1.7402,39.99
42,0.000985,2.0748,29.12,1.6642,47.12
43,0.000983,2.1125,26.65,1.8789,36.07
44,0.000982,2.1031,27.56,1.6921,44.27
45,0.000980,2.0995,27.98,1.7963,38.87
46,0.000979,2.0805,28.00,1.7849,38.51
47,0.000977,2.0832,28.03,1.7804,39.38
48,0.000976,2.1114,27.14,1.7650,39.84
49,0.000974,2.0939,28.66,1.7537,43.30
50,0.000972,2.0779,28.74,1.7377,43.20
51,0.000970,2.0698,28.76,1.6992,43.50
52,0.000968,2.0538,30.05,1.6583,44.22
53,0.000966,2.0520,30.12,1.6951,44.98
54,0.000964,2.0791,28.32,1.7286,40.24
55,0.000962,2.0525,30.39,1.6650,45.95
56,0.000960,2.0711,28.57,1.7137,40.96
57,0.000958,2.0363,30.43,1.6223,46.05
58,0.000955,2.0381,31.55,1.6627,44.98
59,0.000953,2.0448,30.10,1.6082,47.22
60,0.000951,2.0584,30.45,1.6153,48.19
61,0.000948,2.0251,31.40,1.6791,43.76
62,0.000946,2.0430,30.96,1.6690,44.78
63,0.000943,2.0412,31.85,1.6391,45.03
64,0.000940,2.0268,31.78,1.5998,45.80
65,0.000938,2.0324,30.83,1.6153,48.34
66,0.000935,2.0282,30.75,1.6164,49.06
67,0.000932,2.0064,32.48,1.5997,47.02
68,0.000929,2.0200,32.16,1.5746,48.60
69,0.000926,2.0259,31.72,1.5872,50.94
70,0.000923,1.9997,32.78,1.5605,49.87
71,0.000920,1.9728,33.77,1.5081,50.53
72,0.000917,2.0162,31.68,1.5954,50.64
73,0.000914,1.9913,33.26,1.5443,48.60
74,0.000911,1.9810,33.26,1.5946,49.77
75,0.000908,1.9817,34.40,1.4712,52.67
76,0.000905,1.9829,33.52,1.5476,49.62
77,0.000901,1.9558,34.85,1.4902,54.10
78,0.000898,1.9727,34.34,1.4695,54.05
79,0.000894,1.9703,33.98,1.5040,52.47
80,0.000891,1.9663,35.52,1.5003,52.57
81,0.000888,1.9630,34.93,1.4689,52.98
82,0.000884,1.9587,35.23,1.4184,54.36
83,0.000880,1.9586,35.80,1.4700,53.08
84,0.000877,1.9167,37.42,1.4224,56.14
85,0.000873,1.9195,37.09,1.3662,56.55
86,0.000869,1.9348,37.17,1.3696,58.69
87,0.000865,1.9302,36.96,1.4295,54.81
88,0.000862,1.9215,37.47,1.4118,55.93
89,0.000858,1.9218,37.09,1.3419,58.79
90,0.000854,1.9261,37.89,1.3731,57.31
91,0.000850,1.9179,38.01,1.3361,57.67
92,0.000846,1.9016,38.75,1.3462,58.07
93,0.000842,1.8905,38.50,1.2979,60.11
94,0.000837,1.9119,37.15,1.4284,58.33
95,0.000833,1.8839,39.18,1.3286,57.56
96,0.000829,1.8831,39.87,1.3101,61.39
97,0.000825,1.8784,39.58,1.2609,61.39
98,0.000821,1.8866,38.12,1.2481,60.26
99,0.000816,1.8570,39.87,1.2027,63.27
100,0.000812,1.8703,39.64,1.2432,59.96
101,0.000808,1.8744,39.85,1.2840,60.32
102,0.000803,1.8477,40.61,1.3108,59.14
103,0.000799,1.8279,41.44,1.3401,58.94
104,0.000794,1.8545,39.70,1.2365,61.33
105,0.000790,1.8648,40.21,1.2239,62.20
106,0.000785,1.8320,41.69,1.2141,64.54
107,0.000780,1.8265,41.73,1.2319,63.47
108,0.000776,1.8356,42.30,1.1711,64.29
109,0.000771,1.8145,41.99,1.1683,65.36
110,0.000766,1.8841,39.47,1.2215,63.88
111,0.000761,1.8162,42.37,1.1578,65.21
112,0.000757,1.8157,41.84,1.2380,61.23
113,0.000752,1.8401,40.57,1.2305,65.26
114,0.000747,1.7777,44.94,1.1879,64.95
115,0.000742,1.7979,42.96,1.1355,67.14
116,0.000737,1.8172,43.08,1.1227,67.09
117,0.000732,1.7913,44.31,1.2911,59.76
118,0.000727,1.7996,43.89,1.1452,66.58
119,0.000722,1.8057,42.68,1.1028,66.94
120,0.000717,1.8003,41.96,1.1875,63.42
121,0.000712,1.7863,43.51,1.0998,68.01
122,0.000707,1.7551,45.45,1.1161,68.31
123,0.000702,1.7632,45.30,1.1201,67.19
124,0.000697,1.7774,43.70,1.0928,67.14
125,0.000692,1.7766,44.39,1.0896,68.82
126,0.000686,1.7672,45.05,1.1021,68.06
127,0.000681,1.7538,45.83,1.1000,68.98
128,0.000676,1.7408,45.41,1.0969,66.73
129,0.000671,1.7502,46.29,1.0450,68.98
130,0.000665,1.7759,45.60,1.0343,69.18
131,0.000660,1.7615,45.32,1.0834,69.03
132,0.000655,1.7379,47.31,1.0733,69.03
133,0.000650,1.7405,46.50,1.0823,68.31
134,0.000644,1.7126,47.41,1.0513,68.16
135,0.000639,1.7646,45.01,1.0319,70.71
136,0.000633,1.7165,48.13,1.0276,69.79
137,0.000628,1.7576,45.01,1.0768,68.42
138,0.000623,1.7240,47.35,1.0534,70.10
139,0.000617,1.7463,45.36,1.0424,68.72
140,0.000612,1.7439,46.12,0.9935,71.01
141,0.000606,1.6936,48.00,0.9961,71.27
142,0.000601,1.7396,46.08,1.0335,71.17
143,0.000595,1.7388,46.99,0.9712,72.34
144,0.000590,1.7327,46.82,1.0152,70.86
145,0.000584,1.7079,47.37,0.9814,71.57
146,0.000579,1.6957,47.58,0.9833,71.06
147,0.000573,1.7137,48.41,0.9785,71.63
148,0.000568,1.6929,47.75,1.0045,70.40
149,0.000562,1.7246,47.46,0.9614,71.78
150,0.000556,1.6959,48.74,0.9669,70.96
151,0.000551,1.6798,49.02,0.9650,71.83
152,0.000545,1.6843,48.72,0.9825,72.59
153,0.000540,1.7201,48.62,0.9660,72.29
154,0.000534,1.6920,48.85,0.9609,71.98
155,0.000529,1.6976,48.26,1.0286,69.79
156,0.000523,1.6755,50.43,0.9581,72.64
157,0.000517,1.6775,48.89,0.9519,73.10
158,0.000512,1.7111,48.07,0.9945,70.96
159,0.000506,1.6839,49.21,0.9371,72.95
160,0.000501,1.6854,48.22,0.9274,73.31
161,0.000495,1.6931,49.21,0.9019,73.82
162,0.000489,1.6553,51.40,0.9295,73.76
163,0.000484,1.7096,48.38,0.9250,74.43
164,0.000478,1.6679,49.88,0.9198,73.46
165,0.000472,1.6402,51.40,0.9199,74.07
166,0.000467,1.6841,49.93,0.9153,74.38
167,0.000461,1.6710,48.74,0.8767,74.38
168,0.000456,1.6323,51.49,0.9020,73.15
169,0.000450,1.6861,48.60,0.9025,74.43
170,0.000445,1.6780,50.24,0.8921,74.22
171,0.000439,1.6411,50.79,0.8442,74.89
172,0.000433,1.6293,51.51,0.8826,73.76
173,0.000428,1.6373,51.72,0.9036,74.58
174,0.000422,1.6321,51.72,0.8575,76.11
175,0.000417,1.6493,51.55,0.8699,75.96
176,0.000411,1.6171,52.00,0.8626,76.06
177,0.000406,1.6280,52.23,0.8661,75.19
178,0.000400,1.6097,53.26,0.8364,75.85
179,0.000395,1.6464,51.76,0.8870,73.92
180,0.000389,1.6235,52.67,0.8537,74.73
181,0.000384,1.6420,51.87,0.8720,75.14
182,0.000378,1.6150,52.73,0.8618,74.73
183,0.000373,1.5874,53.79,0.8313,76.26
184,0.000368,1.6034,53.12,0.8604,75.85
185,0.000362,1.6062,53.33,0.8463,76.52
186,0.000357,1.5855,53.20,0.8433,77.18
187,0.000351,1.6411,50.92,0.8697,75.29
188,0.000346,1.5647,54.66,0.8164,76.46
189,0.000341,1.5736,55.31,0.8419,76.62
190,0.000336,1.5876,53.52,0.8154,76.77
191,0.000330,1.6128,53.09,0.8421,76.31
192,0.000325,1.6090,53.12,0.8328,75.75
193,0.000320,1.6028,54.07,0.8468,77.38
194,0.000315,1.6083,52.80,0.8309,77.02
195,0.000309,1.5954,52.52,0.7943,76.97
196,0.000304,1.5370,55.76,0.8143,76.36
197,0.000299,1.5479,55.97,0.7808,77.59
198,0.000294,1.6043,54.13,0.7993,77.08
199,0.000289,1.5331,56.64,0.7893,76.97
200,0.000284,1.5511,55.84,0.7967,78.60
201,0.000279,1.5718,53.96,0.7878,77.89
202,0.000274,1.5853,54.32,0.7876,77.74
203,0.000269,1.5499,55.61,0.7627,78.55
204,0.000264,1.5719,54.15,0.7744,78.55
205,0.000259,1.5868,53.81,0.7793,79.01
206,0.000254,1.5308,56.58,0.7608,78.09
207,0.000249,1.5265,56.24,0.7433,78.45
208,0.000244,1.5794,55.23,0.7811,78.30
209,0.000240,1.5777,53.69,0.7834,78.04
210,0.000235,1.5684,54.36,0.7828,77.94
211,0.000230,1.5515,55.71,0.7789,78.25
212,0.000225,1.5704,54.64,0.7641,77.43
213,0.000221,1.5447,56.68,0.7628,79.01
214,0.000216,1.5278,56.56,0.7711,77.64
215,0.000211,1.4918,58.65,0.7655,77.69
216,0.000207,1.5269,57.15,0.7558,78.60
217,0.000202,1.5348,54.99,0.7522,79.62
218,0.000198,1.5436,56.24,0.7817,77.99
219,0.000193,1.5386,55.63,0.7502,79.01
220,0.000189,1.5639,55.44,0.7482,79.88
221,0.000185,1.5380,55.61,0.7554,78.81
222,0.000180,1.5174,57.21,0.7426,79.57
223,0.000176,1.5861,54.13,0.7429,79.62
224,0.000172,1.4854,58.71,0.7374,79.16
225,0.000168,1.5397,56.09,0.7183,80.49
226,0.000164,1.5038,57.95,0.7048,80.03
227,0.000159,1.4980,58.10,0.7135,79.83
228,0.000155,1.4908,56.81,0.7196,79.98
229,0.000151,1.4828,58.67,0.7028,81.20
230,0.000147,1.5231,55.61,0.7051,80.13
231,0.000143,1.5065,57.61,0.7045,80.74
232,0.000139,1.5307,56.56,0.7188,80.23
233,0.000136,1.4978,56.30,0.7217,79.72
234,0.000132,1.4845,58.48,0.7136,80.54
235,0.000128,1.5077,57.74,0.6955,80.85
236,0.000124,1.4990,58.08,0.7110,80.85
237,0.000121,1.4853,58.50,0.6998,81.00
238,0.000117,1.4789,58.59,0.7040,80.54
239,0.000113,1.5001,58.44,0.6880,80.59
240,0.000110,1.4972,58.39,0.6931,80.95
241,0.000107,1.4880,58.99,0.6921,80.85
242,0.000103,1.5388,55.37,0.6915,81.92
243,0.000100,1.4592,60.06,0.6804,81.25
244,0.000096,1.4839,59.13,0.6890,81.51
245,0.000093,1.4728,60.74,0.6901,80.85
246,0.000090,1.4388,60.46,0.6821,80.74
247,0.000087,1.5148,57.93,0.7076,80.95
248,0.000084,1.4927,59.35,0.6913,81.56
249,0.000081,1.4653,60.11,0.6904,81.46
250,0.000078,1.4982,58.08,0.6903,81.25
251,0.000075,1.4611,60.19,0.6906,81.36
252,0.000072,1.5148,56.66,0.7036,80.74
253,0.000069,1.5010,59.05,0.6983,81.41
254,0.000066,1.4852,59.49,0.6957,82.07
255,0.000063,1.4355,59.75,0.6817,81.36
256,0.000061,1.4308,60.78,0.6749,81.76
257,0.000058,1.4939,57.93,0.6832,81.51
258,0.000055,1.4811,57.99,0.6770,81.66
259,0.000053,1.4514,59.96,0.6840,81.56
260,0.000050,1.4868,57.61,0.6701,82.17
261,0.000048,1.4281,60.36,0.6581,82.02
262,0.000046,1.4900,58.56,0.6706,81.86
263,0.000043,1.4657,58.94,0.6657,81.92
264,0.000041,1.4600,59.83,0.6759,81.51
265,0.000039,1.4380,61.39,0.6664,81.15
266,0.000037,1.4563,60.21,0.6725,81.97
267,0.000035,1.4383,60.55,0.6652,81.46
268,0.000033,1.4855,59.81,0.6766,81.71
269,0.000031,1.4604,60.61,0.6695,81.66
270,0.000029,1.4840,59.45,0.6680,81.97
271,0.000027,1.4852,58.94,0.6678,82.22
272,0.000025,1.4530,61.31,0.6684,81.86
273,0.000024,1.4693,58.80,0.6677,81.81
274,0.000022,1.4798,60.06,0.6722,81.66
275,0.000021,1.4629,60.19,0.6705,81.76
276,0.000019,1.4228,61.67,0.6618,82.32
277,0.000018,1.4509,60.46,0.6650,82.02
278,0.000016,1.3928,62.03,0.6604,81.81
279,0.000015,1.4225,62.26,0.6599,81.92
280,0.000014,1.4632,59.35,0.6620,81.76
281,0.000012,1.4588,60.49,0.6668,81.92
282,0.000011,1.4443,60.23,0.6625,81.86
283,0.000010,1.4488,60.00,0.6621,82.17
284,0.000009,1.4415,60.13,0.6615,82.17
285,0.000008,1.4475,59.83,0.6622,82.32
286,0.000007,1.5015,58.71,0.6660,82.27
287,0.000006,1.4911,58.08,0.6661,82.22
288,0.000006,1.4135,62.72,0.6633,82.22
289,0.000005,1.4662,61.39,0.6633,82.12
290,0.000004,1.4535,60.89,0.6651,82.17
291,0.000004,1.4470,59.85,0.6636,82.12
292,0.000003,1.4224,61.22,0.6623,82.22
293,0.000003,1.4726,58.92,0.6628,82.12
294,0.000002,1.4813,59.58,0.6635,82.17
295,0.000002,1.4714,59.92,0.6639,82.12
296,0.000002,1.4685,60.30,0.6633,82.32
297,0.000001,1.5003,57.63,0.6644,82.12
298,0.000001,1.4700,60.08,0.6640,82.22
299,0.000001,1.4488,60.87,0.6637,82.17
300,0.000001,1.4735,59.16,0.6636,82.12
